id,documentos
1,A segurança cibernética tornou-se um dos pilares fundamentais da sociedade contemporânea, pois vivemos em um mundo cada vez mais conectado, onde informações pessoais, financeiras e corporativas circulam constantemente em redes digitais que precisam ser protegidas contra ameaças crescentes.
2,Com a expansão da internet e a digitalização de serviços, surgiram novas oportunidades para criminosos explorarem vulnerabilidades, utilizando técnicas sofisticadas como phishing, ransomware e engenharia social, que podem comprometer dados sensíveis e causar prejuízos irreparáveis às vítimas.
3,Empresas de todos os portes enfrentam desafios constantes para proteger suas infraestruturas digitais, investindo em firewalls, sistemas de criptografia, monitoramento em tempo real e programas de conscientização para funcionários, que muitas vezes são o elo mais fraco da cadeia de segurança.
4,A conscientização dos usuários é tão importante quanto a tecnologia empregada, pois um simples clique em um link suspeito pode abrir portas para invasores, comprometendo não apenas dados pessoais, mas também informações estratégicas de organizações inteiras.
5,A educação digital deve ser vista como prioridade, ensinando práticas seguras como a criação de senhas fortes, uso de autenticação em dois fatores, atualização constante de softwares e desconfiança diante de mensagens ou ofertas aparentemente milagrosas.
6,Governos desempenham papel essencial na proteção de dados, criando legislações como a LGPD no Brasil e o GDPR na União Europeia, que estabelecem regras claras para o tratamento responsável das informações pessoais e corporativas.
7,Essas leis obrigam empresas a adotarem medidas de segurança robustas, garantindo transparência no uso de dados e responsabilizando organizações que não cumpram requisitos mínimos de proteção, fortalecendo a confiança dos cidadãos no ambiente digital.
8,A cibersegurança nacional também é uma preocupação crescente, pois ataques direcionados a infraestruturas críticas, como energia, saúde e transporte, podem gerar crises de grandes proporções, afetando diretamente a vida de milhões de pessoas.
9,Por isso, países investem em centros de defesa digital, cooperação internacional e programas de inteligência capazes de detectar e neutralizar ameaças antes que elas causem danos significativos, fortalecendo a resiliência das nações contra ataques cibernéticos.
10,No âmbito pessoal, cada indivíduo deve assumir responsabilidade pela própria segurança digital, adotando práticas simples, mas eficazes, como manter backups atualizados, evitar redes Wi-Fi públicas sem proteção e desconfiar de links desconhecidos.
11,A segurança cibernética não é um estado permanente, mas sim um processo contínuo, que exige adaptação constante diante de novas ameaças que surgem diariamente, impulsionadas pela criatividade e persistência dos criminosos digitais.
12,Empresas inovadoras investem em inteligência artificial e aprendizado de máquina para identificar padrões suspeitos e prevenir ataques, criando sistemas capazes de reagir rapidamente a comportamentos anômalos em redes corporativas e pessoais.
13,A colaboração entre setores público e privado é indispensável, pois apenas com esforços conjuntos é possível criar estratégias abrangentes que protejam cidadãos, empresas e governos contra ameaças cada vez mais sofisticadas e globais.
14,A confiança no ambiente digital depende diretamente da segurança cibernética, pois sem ela não seria possível realizar transações bancárias online, compartilhar informações confidenciais ou desenvolver inovações tecnológicas em escala global.
15,Investir em segurança digital é investir no futuro, garantindo que a sociedade possa usufruir dos benefícios da tecnologia sem estar constantemente vulnerável a ataques que podem comprometer vidas, negócios e governos.
16,A cultura de segurança deve ser incorporada em todos os níveis da sociedade, desde escolas que ensinam boas práticas digitais até empresas que treinam seus funcionários para reconhecer e evitar ameaças.
17,A engenharia social continua sendo uma das maiores armas dos criminosos, explorando a ingenuidade ou distração das pessoas para obter acesso a informações valiosas, mostrando que a segurança depende tanto de comportamento quanto de tecnologia.
18,O uso de senhas fortes e únicas para cada serviço é uma prática simples, mas muitas vezes negligenciada, que pode evitar invasões e proteger dados pessoais contra acessos não autorizados.
19,A autenticação multifatorial é outra ferramenta poderosa, adicionando camadas extras de proteção que dificultam a ação de invasores, mesmo que consigam obter senhas por meio de ataques ou vazamentos.
20,Empresas que não investem em segurança digital correm riscos não apenas financeiros, mas também reputacionais, pois a perda de confiança dos clientes pode ser devastadora e difícil de recuperar.
21,A segurança cibernética também envolve proteção contra espionagem industrial, onde concorrentes podem tentar roubar segredos comerciais ou informações estratégicas para obter vantagens no mercado.
22,A criptografia é uma das ferramentas mais eficazes para proteger dados, garantindo que apenas pessoas autorizadas possam acessar informações sensíveis, mesmo que elas sejam interceptadas durante a transmissão.
23,O monitoramento constante de redes é essencial para detectar atividades suspeitas em tempo real, permitindo respostas rápidas que podem impedir ataques antes que eles causem danos significativos.
24,A segurança cibernética deve ser vista como um investimento estratégico, e não apenas como um custo operacional, pois sua ausência pode comprometer a sobrevivência de empresas e instituições.
25,A cooperação internacional é fundamental, já que ataques cibernéticos não respeitam fronteiras e podem ser coordenados a partir de qualquer lugar do mundo, exigindo respostas globais e integradas.
26,A formação de profissionais especializados em segurança digital é cada vez mais necessária, pois a demanda por especialistas cresce em ritmo acelerado diante da complexidade das ameaças.
27,Universidades e centros de pesquisa desempenham papel importante na criação de novas tecnologias e metodologias que fortalecem a segurança cibernética e preparam profissionais para enfrentar desafios futuros.
28,A segurança cibernética também envolve ética, pois proteger dados significa respeitar a privacidade e os direitos fundamentais dos cidadãos em um mundo cada vez mais digitalizado.
29,Empresas que adotam boas práticas de segurança digital demonstram responsabilidade social, fortalecendo sua imagem e criando relações de confiança com clientes e parceiros.
30,A inovação tecnológica deve caminhar lado a lado com a segurança, garantindo que novos produtos e serviços sejam desenvolvidos com proteção integrada desde sua concepção.
31,A segurança cibernética é dinâmica e exige atualização constante, pois ferramentas eficazes hoje podem se tornar obsoletas diante das novas técnicas utilizadas por criminosos digitais amanhã.
32,A conscientização coletiva é indispensável, pois apenas com a participação ativa de todos os cidadãos é possível criar um ambiente digital mais seguro e confiável.
33,A segurança cibernética também protege a democracia, evitando manipulações digitais que possam influenciar processos eleitorais ou disseminar desinformação em larga escala.
34,O combate às fake news é parte da segurança digital, pois informações falsas podem causar danos sociais e políticos tão graves quanto ataques técnicos a sistemas.
35,A proteção de dados pessoais é um direito fundamental, e sua violação pode comprometer não apenas indivíduos, mas também a estabilidade de instituições e governos.
36,A segurança cibernética deve ser vista como responsabilidade compartilhada, envolvendo governos, empresas e cidadãos em um esforço conjunto para proteger o mundo digital.
37,A confiança digital é construída com transparência, responsabilidade e práticas seguras, criando um ambiente onde inovação e proteção caminham lado a lado.
38,A segurança cibernética é um processo contínuo que exige vigilância, adaptação e comprometimento, pois as ameaças evoluem constantemente e exigem respostas rápidas e eficazes.
39,O futuro da sociedade digital depende diretamente da capacidade de proteger informações, sistemas e pessoas contra ataques que podem comprometer a estabilidade global.
40,Em conclusão, investir em segurança cibernética é investir na continuidade da vida digital, garantindo que possamos usufruir dos benefícios da tecnologia com confiança e proteção.
